song_id,stored_song_file
1,demo/tOcdk1BBFi.mp3
2,demo/NIvmrgmElS.mp3
3,demo/jl2NPNy7gA.mp3
4,demo/J3C2lE01On.mp3
5,demo/XmF4IELofK.mp3
6,demo/o1c3UsOPZG.mp3
7,demo/Vqo7p05YUL.mp3
8,demo/6bkE9FNY4i.mp3
9,demo/hu7BnYO7q5.mp3
10,demo/94983gz4wv.mp3
11,demo/3ulc3mLCOv.mp3
12,demo/9iTlvnHq75.mp3
13,demo/Pf6MfpxMJ7.mp3
14,demo/MlD2wO4pKf.mp3
15,demo/IkCzSlJ9TE.mp3
16,demo/yXhp58VInh.mp3
17,demo/m5jKu317im.mp3
18,demo/a4bzv5Eonf.mp3
19,demo/ZTIyyLt4PG.mp3
20,demo/bqKwkGmCt8.mp3
21,demo/DOGpZGsjKh.mp3
22,demo/pHJuzZMGr3.mp3
23,demo/KcpsLqZ7fL.mp3
24,demo/3KIIDRut75.mp3
25,demo/51OYRuZuu4.mp3
26,demo/KwG3h9LXql.mp3
27,demo/iYOzoSJaRN.mp3
28,demo/cTBZqYitES.mp3
29,demo/Zs6wqkv5G3.mp3
30,demo/iK6O3ia5QR.mp3
31,demo/qW55Y8mn3J.mp3
32,demo/VVZ7aq2ico.mp3
33,demo/1oxwDUaY1n.mp3
34,demo/h3kXBiQchs.mp3
35,demo/1D5OqXXhFC.mp3
36,demo/lpAE1pNtgU.mp3
37,demo/50iDxiYhTo.mp3
38,demo/Kw9Gg74iPU.mp3
39,demo/5MX3W2wzHI.mp3
40,demo/1kHMYeq1ls.mp3
41,demo/FjXWs3bD6h.mp3
42,demo/6NGGWM1III.mp3
43,demo/JgtkcmMUPa.mp3
44,demo/EzZQfafDQK.mp3
45,demo/cNuggKEhUG.mp3
46,demo/TTKzfCF7VU.mp3
47,demo/ZJPEftVVRy.mp3
48,demo/qNFm80lAMg.mp3
49,demo/LCx7v9RL4I.mp3
50,demo/8QYxsKr93R.mp3
51,demo/gE5t2PaXkA.mp3
52,demo/4YjKd9REJk.mp3
53,demo/2Bp85uL1UI.mp3
54,demo/kY5ESbRUMn.mp3
55,demo/mWiNaFT55u.mp3
56,demo/hKKAILz6uj.mp3
57,demo/EBa3UWWJNZ.mp3
58,demo/xYb6pUfDD4.mp3
59,demo/bOn27WFW5U.mp3
60,demo/ouAXr1mVge.mp3
61,demo/as69fCsRCx.mp3
62,demo/VdGsFfbC6b.mp3
63,demo/zMAbNifQCG.mp3
64,demo/r7V6YMClJY.mp3
65,demo/1c29foFHSg.mp3
66,demo/QIPBrEavpj.mp3
67,demo/YMx6XGPQpS.mp3
68,demo/v2Pv6iUPFU.mp3
69,demo/Nxl8RDxIEg.mp3
70,demo/7G2WOHpGG6.mp3
71,demo/dDtb2SOPX7.mp3
72,demo/oQjfhj5Ame.mp3
73,demo/gaBtpTMYZW.mp3
74,demo/540Q5SSBD6.mp3
75,demo/LHRuoLXsSK.mp3
76,demo/i7VJsDoGxN.mp3
77,demo/YbqemIZEwb.mp3
78,demo/rn7WbSzT2x.mp3
79,demo/nIxJj7cbj2.mp3
80,demo/lPakHG9kDX.mp3
81,demo/u5fJZ6YLPr.mp3
82,demo/T68eudTRqd.mp3
83,demo/IyhBgrgkSp.mp3
84,demo/jLLp6qBIWi.mp3
85,demo/RlghA7nCXs.mp3
86,demo/V8HPB033aN.mp3
87,demo/fyfuUAQmmi.mp3
88,demo/HCYCBEcNDy.mp3
89,demo/craIktDW5E.mp3
90,demo/amVHzdvL7m.mp3
91,demo/QPMCocL9eO.mp3
92,demo/5fJhWRYZvA.mp3
93,demo/nZ2TiTxMX7.mp3
94,demo/Izapsjz6Vf.mp3
96,demo/Zt3SQGy3r6.mp3
97,demo/gDAdGbsoA8.mp3
98,demo/rbF4FmDVF1.mp3
99,demo/Pa87ySuF4u.mp3
100,demo/F6x4ok9946.mp3
101,demo/JD79Mrc1ch.mp3
102,demo/ZkGWsUO4fk.mp3
103,demo/dQ3O54Z7g3.mp3
104,demo/onqpkmZQnh.mp3
105,demo/dySY2YwmUR.mp3
106,demo/N4ALE0CVSw.mp3
107,demo/6XzynkHx8H.mp3
108,demo/Xc7ZDRzybY.mp3
109,demo/TRKq1Kyy5Z.mp3
110,demo/NBcEljP2Sp.mp3
111,demo/t0eYLI7Otv.mp3
112,demo/ykhy4t8Vuf.mp3
113,demo/uBRvCsdbPq.mp3
114,demo/PzFJ6y1gMK.mp3
115,demo/4wcPkefQc5.mp3
116,demo/Wr2Dn7Nwu2.mp3
117,demo/JNf1Wbseyy.mp3
118,demo/jZ29k5ADQF.mp3
119,demo/rYc1HGV2ec.mp3
120,demo/5AgN4EEU7x.mp3
121,demo/rBzHXxJuKV.mp3
122,demo/8rkVk1NgKm.mp3
123,demo/rNm0DPPLOF.mp3
124,demo/xXXKiA9J0P.mp3
125,demo/wWr3BqR75p.mp3
126,demo/4AyTVK4Ln5.mp3
127,demo/3rYNN2mi2G.mp3
